id,title,engine,stock_num,price,site_domain,additional_info
1, 2020 Volvo XC90 T5 Momentum 7 Passenger SUV,FWD,L1549757,"$53,360",https://www.century-volvo.com//commercial-new/Volvo/2020-Volvo-XC90-huntsville-alabama-2f69e0460a0e0a1766f2e6b9464b5238.htm,21/29
2, 2020 Volvo XC90 T6 Momentum 7 Passenger SUV,FWD,L1549757,"$64,560",https://www.century-volvo.com//new/Volvo/2020-Volvo-XC90-huntsville-alabama-172c40290a0e0adf0b7f885b2c03246b.htm,21/29
3, 2020 Volvo XC90 T6 Inscription 7 Passenger SUV,FWD,L1549757,"$72,470",https://www.century-volvo.com//new/Volvo/2020-Volvo-XC90-huntsville-alabama-0c8841bf0a0e0ae81708c05b3a109020.htm,21/29
4, 2020 Volvo XC90 T6 Momentum 7 Passenger SUV,FWD,L1549757,"$63,700",https://www.century-volvo.com//new/Volvo/2020-Volvo-XC90-huntsville-alabama-00bd59210a0e0ae73fbd571c5a96e761.htm,21/29
5, 2020 Volvo XC90 T6 Momentum 7 Passenger SUV,FWD,L1549757,"$63,875",https://www.century-volvo.com//new/Volvo/2020-Volvo-XC90-huntsville-alabama-ae57c1f60a0e0ae876bc0d6b1b88ba22.htm,21/29
6, 2020 Volvo XC90 T6 Momentum 6 Passenger SUV,FWD,L1549757,"$59,990",https://www.century-volvo.com//commercial-new/Volvo/2020-Volvo-XC90-huntsville-alabama-26a00c810a0e0ae818b1188e9d2a6c8c.htm,21/29
7, 2020 Volvo XC90 T5 Momentum 7 Passenger SUV,FWD,L1549757,"$51,455",https://www.century-volvo.com//new/Volvo/2020-Volvo-XC90-huntsville-alabama-817cf5dd0a0e0a171983e9bdbf72d12f.htm,21/29
8, 2020 Volvo XC90 T5 Momentum 7 Passenger SUV,FWD,L1549757,"$55,975",https://www.century-volvo.com//commercial-new/Volvo/2020-Volvo-XC90-huntsville-alabama-be22c9090a0e0a1711f6822bed995362.htm,21/29
9, 2020 Volvo XC90 T6 Momentum 7 Passenger SUV,FWD,L1549757,"$63,900",https://www.century-volvo.com//new/Volvo/2020-Volvo-XC90-huntsville-alabama-00bd58b60a0e0ae73fbd571c02f616ef.htm,21/29
10, 2020 Volvo XC90 T5 Momentum 7 Passenger SUV,FWD,L1549757,"$55,975",https://www.century-volvo.com//commercial-new/Volvo/2020-Volvo-XC90-huntsville-alabama-be22c9440a0e0a1711f6822bba27e5ca.htm,21/29
11, 2020 Volvo XC90 T5 Momentum 7 Passenger SUV,FWD,L1549757,"$54,005",https://www.century-volvo.com//new/Volvo/2020-Volvo-XC90-huntsville-alabama-8e53f8930a0e0a1777909de862a5b18b.htm,21/29
12, 2020 Volvo XC90 T5 Momentum 7 Passenger SUV,FWD,L1549757,"$55,755",https://www.century-volvo.com//commercial-new/Volvo/2020-Volvo-XC90-huntsville-alabama-343cf3000a0e0adf0cb795396552aab6.htm,21/29
13, 2020 Volvo XC90 T6 Momentum 7 Passenger SUV,FWD,L1549757,"$62,825",https://www.century-volvo.com//new/Volvo/2020-Volvo-XC90-huntsville-alabama-343cf35e0a0e0adf0cb79539f783064e.htm,21/29
14, 2020 Volvo XC90 T6 Momentum 7 Passenger SUV,FWD,L1549757,"$66,620",https://www.century-volvo.com//new/Volvo/2020-Volvo-XC90-huntsville-alabama-128b2fbc0a0e0ae71e4d0d973ce7e90e.htm,21/29
15, 2020 Volvo XC90 T5 Momentum 7 Passenger SUV,FWD,L1549757,"$54,175",https://www.century-volvo.com//commercial-new/Volvo/2020-Volvo-XC90-huntsville-alabama-1c528b870a0e0a6b02ac13873dbc9d66.htm,21/29
16, 2020 Volvo XC90 T5 Momentum 7 Passenger SUV,FWD,L1549757,"$57,190",https://www.century-volvo.com//new/Volvo/2020-Volvo-XC90-huntsville-alabama-d192f1d10a0e0adf226ca5b0b078e873.htm,21/29
17, 2020 Volvo XC90 T6 Inscription 6 Passenger SUV,Automatic,L1567510,"$68,940",https://www.century-volvo.com//new/Volvo/2020-Volvo-XC90-huntsville-alabama-fd15bbae0a0e0a6b404338b5292dec7c.htm,18/26
18, 2020 Volvo XC90 T6 Momentum 7 Passenger SUV,Automatic,L1567510,"$64,860",https://www.century-volvo.com//new/Volvo/2020-Volvo-XC90-huntsville-alabama-689a31470a0e0adf0cb795393c5fe01e.htm,18/26
19, 2020 Volvo XC90 T5 Momentum 7 Passenger SUV,Automatic,L1567510,"$51,360",https://www.century-volvo.com//commercial-new/Volvo/2020-Volvo-XC90-huntsville-alabama-5849ccd40a0e0ae71e4d0d97513fffaa.htm,18/26
20, 2020 Volvo XC90 T6 Inscription 6 Passenger SUV,Automatic,L1567510,"$69,575",https://www.century-volvo.com//commercial-new/Volvo/2020-Volvo-XC90-huntsville-alabama-62ee32080a0e0ae83a84e5ff208bd992.htm,18/26
21, 2020 Volvo XC90 T6 Inscription 7 Passenger SUV,Automatic,L1567510,"$71,615",https://www.century-volvo.com//new/Volvo/2020-Volvo-XC90-huntsville-alabama-dcb0ced30a0e0adf3d29355cb7aefcaf.htm,18/26
22, 2020 Volvo XC90 T5 Momentum 7 Passenger SUV,Automatic,L1567510,"$55,330",https://www.century-volvo.com//commercial-new/Volvo/2020-Volvo-XC90-huntsville-alabama-c34937d80a0e0ae805c82fddfbef403d.htm,18/26
23, 2019 Volvo XC60 T6 Momentum SUV,Automatic,L1567510,"$58,400",https://www.century-volvo.com//commercial-new/Volvo/2019-Volvo-XC60-huntsville-alabama-12ae9dcf0a0e0a176a6be9e643069ef5.htm,18/26
24, 2019 Volvo XC60 T5 R-Design SUV,Automatic,L1567510,"$58,870",https://www.century-volvo.com//commercial-new/Volvo/2019-Volvo-XC60-huntsville-alabama-748716220a0e0ae72ea76cc5b3086a43.htm,18/26
25, 2020 Volvo XC60 T5 R-Design SUV,Automatic,L1567510,"$54,045",https://www.century-volvo.com//new/Volvo/2020-Volvo-XC60-huntsville-alabama-a80b0dc40a0e0ae847bd028fdfd301bf.htm,18/26
26, 2020 Volvo XC60 T5 Inscription SUV,Automatic,L1567510,"$53,845",https://www.century-volvo.com//new/Volvo/2020-Volvo-XC60-huntsville-alabama-54021e050a0e0a6b4da79abd4b4f8ea4.htm,18/26
27, 2020 Volvo XC60 T5 Momentum SUV,Automatic,L1567510,"$49,780",https://www.century-volvo.com//commercial-new/Volvo/2020-Volvo-XC60-huntsville-alabama-57266e330a0e0ae91b4daace17ae85a2.htm,18/26
28, 2020 Volvo XC60 T6 Momentum SUV,Automatic,L1567510,"$51,895",https://www.century-volvo.com//new/Volvo/2020-Volvo-XC60-huntsville-alabama-a32f5bc30a0e0adf226ca5b01227326b.htm,18/26
29, 2020 Volvo XC60 T5 Inscription SUV,Automatic,L1567510,"$53,330",https://www.century-volvo.com//new/Volvo/2020-Volvo-XC60-huntsville-alabama-8bca02df0a0e0ae71e4d0d9726893117.htm,18/26
30, 2020 Volvo XC60 T5 Inscription SUV,Automatic,L1567510,"$54,345",https://www.century-volvo.com//commercial-new/Volvo/2020-Volvo-XC60-huntsville-alabama-aa0daa420a0e0a6b181bfe6195a4581d.htm,18/26
31, 2020 Volvo XC60 T5 Momentum SUV,Automatic,L1567510,"$44,885",https://www.century-volvo.com//commercial-new/Volvo/2020-Volvo-XC60-huntsville-alabama-1fa3c2680a0e0a171983e9bd1b512e64.htm,18/26
32, 2020 Volvo XC60 T5 Momentum SUV,Automatic,L1567510,"$53,130",https://www.century-volvo.com//commercial-new/Volvo/2020-Volvo-XC60-huntsville-alabama-26a00ea10a0e0ae818b1188eb97a0caa.htm,18/26
33, 2020 Volvo XC60 T5 Momentum SUV,AWD,L1417722,"$49,265",https://www.century-volvo.com//commercial-new/Volvo/2020-Volvo-XC60-huntsville-alabama-937bc38f0a0e0a6b5d43ea0fb2050807.htm,20/27
34, 2020 Volvo XC60 T5 Momentum SUV,AWD,L1417722,"$50,830",https://www.century-volvo.com//new/Volvo/2020-Volvo-XC60-huntsville-alabama-b55371cf0a0e0a6b0d127bd3dcaf2d8a.htm,20/27
35, 2020 Volvo XC60 T5 Momentum SUV,AWD,L1417722,"$45,765",https://www.century-volvo.com//new/Volvo/2020-Volvo-XC60-huntsville-alabama-fd15bc290a0e0a6b404338b54409ef06.htm,20/27
36, 2020 Volvo XC60 T5 Inscription SUV,AWD,L1417722,"$55,630",https://www.century-volvo.com//new/Volvo/2020-Volvo-XC60-huntsville-alabama-fd15bbf00a0e0a6b404338b5773fc217.htm,20/27
37, 2020 Volvo XC60 T5 Inscription SUV,AWD,L1417722,"$53,330",https://www.century-volvo.com//new/Volvo/2020-Volvo-XC60-huntsville-alabama-aa0daa120a0e0a6b181bfe6191ea476c.htm,20/27
38, 2020 Volvo XC60 T6 Inscription SUV,AWD,L1417722,"$59,145",https://www.century-volvo.com//commercial-new/Volvo/2020-Volvo-XC60-huntsville-alabama-892496d80a0e0a6b5d43ea0f410a24e9.htm,20/27
39, 2020 Volvo XC60 T5 Inscription SUV,AWD,L1417722,"$54,345",https://www.century-volvo.com//new/Volvo/2020-Volvo-XC60-huntsville-alabama-ad854f170a0e0ae7498f7e897a4ef18e.htm,20/27
40, 2020 Volvo XC60 T5 Momentum SUV,AWD,L1417722,"$47,715",https://www.century-volvo.com//commercial-new/Volvo/2020-Volvo-XC60-huntsville-alabama-eaff66e10a0e0ae94f85e1af5c267249.htm,20/27
41, 2020 Volvo XC60 T5 Momentum SUV,AWD,L1417722,"$52,945",https://www.century-volvo.com//commercial-new/Volvo/2020-Volvo-XC60-huntsville-alabama-5d70f29b0a0e0ae878bdca4fc91a38fa.htm,20/27
42, 2019 Volvo S90 T5 Momentum Sedan,AWD,L1417722,"$49,145",https://www.century-volvo.com//commercial-new/Volvo/2019-Volvo-S90-huntsville-alabama-937bc3ce0a0e0a6b5d43ea0f4880a909.htm,20/27
43, 2019 Volvo V90 T5 R-Design Wagon,AWD,L1417722,"$58,745",https://www.century-volvo.com//commercial-new/Volvo/2019-Volvo-V90-huntsville-alabama-6b4ec5ce0a0e0adf07cdfe617575d93b.htm,20/27
44, 2020 Volvo S90 T6 R-Design Sedan,AWD,L1417722,"$61,735",https://www.century-volvo.com//new/Volvo/2020-Volvo-S90-huntsville-alabama-1b5997400a0e0a6b6520e3df98a991f1.htm,20/27
45, 2020 Volvo V90 Cross Country T6 Wagon,AWD,L1417722,"$62,295",https://www.century-volvo.com//new/Volvo/2020-Volvo-V90+Cross+Country-huntsville-alabama-a855e13c0a0e0ae876bc0d6b5fbfdd08.htm,20/27
46, 2020 Volvo S60 T5 Momentum Sedan,AWD,L1417722,"$41,290",https://www.century-volvo.com//commercial-new/Volvo/2020-Volvo-S60-huntsville-alabama-86fa52240a0e0a1710faff8b265db404.htm,20/27
47, 2020 Volvo S60 T5 Inscription Sedan,AWD,L1417722,"$48,590",https://www.century-volvo.com//new/Volvo/2020-Volvo-S60-huntsville-alabama-86fa50780a0e0a1710faff8b5e55249d.htm,20/27
48, 2020 Volvo S90 T6 R-Design Sedan,AWD,L1417722,"$60,440",https://www.century-volvo.com//new/Volvo/2020-Volvo-S90-huntsville-alabama-1b5996640a0e0a6b6520e3df5af070e0.htm,20/27
49, 2020 Volvo S60 T5 Momentum Sedan,FWD,LG039858,"$39,845",https://www.century-volvo.com//commercial-new/Volvo/2020-Volvo-S60-huntsville-alabama-86fa50f80a0e0a1710faff8b2843f513.htm,23/34
50, 2020 Volvo S60 T5 Momentum Sedan,FWD,LG039858,"$41,690",https://www.century-volvo.com//commercial-new/Volvo/2020-Volvo-S60-huntsville-alabama-914256a90a0e0a17294c215872c37689.htm,23/34
51, 2020 Volvo V60 T5 Momentum Wagon,FWD,LG039858,"$50,040",https://www.century-volvo.com//commercial-new/Volvo/2020-Volvo-V60-huntsville-alabama-8be52ebd0a0e0ae77df3f0e4c11bb263.htm,23/34
52, 2020 Volvo S60 T5 R-Design Sedan,FWD,LG039858,"$49,040",https://www.century-volvo.com//commercial-new/Volvo/2020-Volvo-S60-huntsville-alabama-726352520a0e0ae7370e1c3668c804fa.htm,23/34
53, 2020 Volvo XC40 T5 Momentum SUV,FWD,LG039858,"$47,070",https://www.century-volvo.com//commercial-new/Volvo/2020-Volvo-XC40-huntsville-alabama-ffe316150a0e0ae8210cc936e495832e.htm,23/34
54, 2020 Volvo S60 T6 Inscription Sedan,FWD,LG039858,"$48,395",https://www.century-volvo.com//new/Volvo/2020-Volvo-S60-huntsville-alabama-eda26be80a0e0ae84c7f6b0d227096ec.htm,23/34
55, 2020 Volvo XC40 T5 Momentum SUV,FWD,LG039858,"$45,165",https://www.century-volvo.com//commercial-new/Volvo/2020-Volvo-XC40-huntsville-alabama-f6753e9e0a0e0a174295f2aba465ee70.htm,23/34
56, 2020 Volvo XC40 T5 Momentum SUV,FWD,LG039858,"$43,180",https://www.century-volvo.com//new/Volvo/2020-Volvo-XC40-huntsville-alabama-fd15bc550a0e0a6b404338b5d67ff13c.htm,23/34
57, 2020 Volvo XC40 T5 Inscription SUV,FWD,LG039858,"$48,340",https://www.century-volvo.com//new/Volvo/2020-Volvo-XC40-huntsville-alabama-16332f340a0e0adf06adc20e512cc955.htm,23/34
58, 2020 Volvo XC40 T5 R-Design SUV,FWD,LG039858,"$46,250",https://www.century-volvo.com//commercial-new/Volvo/2020-Volvo-XC40-huntsville-alabama-6691a17a0a0e0ae717378c4f38145715.htm,23/34
59, 2020 Volvo S60 T6 R-Design Sedan,FWD,LG039858,"$56,680",https://www.century-volvo.com//new/Volvo/2020-Volvo-S60-huntsville-alabama-e95bc05b0a0e0adf1ea85fd36d368c05.htm,23/34
60, 2020 Volvo S60 T5 Momentum Sedan,FWD,LG039858,"$41,690",https://www.century-volvo.com//commercial-new/Volvo/2020-Volvo-S60-huntsville-alabama-86fa52960a0e0a1710faff8beb8bf864.htm,23/34
61, 2020 Volvo XC40 T4 Momentum SUV,FWD,LG039858,"$43,165",https://www.century-volvo.com//commercial-new/Volvo/2020-Volvo-XC40-huntsville-alabama-f6753eff0a0e0a174295f2ab6a449555.htm,23/34
62, 2020 Volvo XC40 T4 Momentum SUV,FWD,LG039858,"$44,710",https://www.century-volvo.com//new/Volvo/2020-Volvo-XC40-huntsville-alabama-0f59e3a80a0e0ae73fbd571c7ce86182.htm,23/34
63, 2020 Volvo XC40 T5 Momentum SUV,FWD,LG039858,"$44,065",https://www.century-volvo.com//new/Volvo/2020-Volvo-XC40-huntsville-alabama-f6753e2a0a0e0a174295f2ab1adda277.htm,23/34
64, 2020 Volvo S60 T5 Momentum Sedan,FWD,LG039858,"$40,805",https://www.century-volvo.com//commercial-new/Volvo/2020-Volvo-S60-huntsville-alabama-86fa50c80a0e0a1710faff8ba8169a0a.htm,23/34
65, 2020 Volvo V60 T5 Momentum Wagon,FWD,L2352840,"$46,550",https://www.century-volvo.com//commercial-new/Volvo/2020-Volvo-V60-huntsville-alabama-04b910c90a0e0adf50b13c6166ab0d65.htm,24/36
66, 2020 Volvo XC40 T5 Momentum SUV,FWD,L2352840,"$46,510",https://www.century-volvo.com//new/Volvo/2020-Volvo-XC40-huntsville-alabama-00bd593c0a0e0ae73fbd571c4717a0c1.htm,24/36
67, 2020 Volvo XC40 T5 Momentum SUV,FWD,L2352840,"$43,385",https://www.century-volvo.com//commercial-new/Volvo/2020-Volvo-XC40-huntsville-alabama-1556f0660a0e0ae73fbd571cb8607eea.htm,24/36
68, 2020 Volvo S60 T5 Inscription Sedan,FWD,L2352840,"$50,550",https://www.century-volvo.com//new/Volvo/2020-Volvo-S60-huntsville-alabama-72634f970a0e0ae7370e1c36d4c6a272.htm,24/36
69, 2020 Volvo S60 T5 Momentum Sedan,FWD,L2352840,"$45,290",https://www.century-volvo.com//commercial-new/Volvo/2020-Volvo-S60-huntsville-alabama-726351390a0e0ae7370e1c36f36bf500.htm,24/36
70, 2020 Volvo XC40 T4 Momentum SUV,FWD,L2352840,"$43,795",https://www.century-volvo.com//new/Volvo/2020-Volvo-XC40-huntsville-alabama-f84668f20a0e0a6b60a4d5a92c184851.htm,24/36
71, 2020 Volvo V60 Cross Country T5 Wagon,FWD,L2352840,"$46,740",https://www.century-volvo.com//new/Volvo/2020-Volvo-V60+Cross+Country-huntsville-alabama-914256e70a0e0a17294c21585b440227.htm,24/36
72, 2020 Volvo XC40 T5 R-Design SUV,FWD,L2352840,"$44,325",https://www.century-volvo.com//commercial-new/Volvo/2020-Volvo-XC40-huntsville-alabama-8e53f8e70a0e0a1777909de81d20d96b.htm,24/36
73, 2020 Volvo S60 T5 Momentum Sedan,FWD,L2352840,"$43,095",https://www.century-volvo.com//commercial-new/Volvo/2020-Volvo-S60-huntsville-alabama-86fa51460a0e0a1710faff8b7ed678f0.htm,24/36
74, 2020 Volvo XC40 T5 Momentum SUV,FWD,L2352840,"$48,910",https://www.century-volvo.com//new/Volvo/2020-Volvo-XC40-huntsville-alabama-ad854f720a0e0ae7498f7e89232af834.htm,24/36
75, 2020 Volvo S60 T5 Inscription Sedan,FWD,L2352840,"$48,440",https://www.century-volvo.com//new/Volvo/2020-Volvo-S60-huntsville-alabama-3174d8f70a0e0a6b2d842c1f2666c37b.htm,24/36
76, 2020 Volvo XC90 T5 Momentum 7 Passenger SUV,FWD,L1549757,"$53,360",https://www.century-volvo.com//commercial-new/Volvo/2020-Volvo-XC90-huntsville-alabama-2f69e0460a0e0a1766f2e6b9464b5238.htm,21/29
77, 2020 Volvo XC90 T6 Momentum 7 Passenger SUV,FWD,L1549757,"$64,560",https://www.century-volvo.com//new/Volvo/2020-Volvo-XC90-huntsville-alabama-172c40290a0e0adf0b7f885b2c03246b.htm,21/29
78, 2020 Volvo XC90 T6 Inscription 7 Passenger SUV,FWD,L1549757,"$72,470",https://www.century-volvo.com//new/Volvo/2020-Volvo-XC90-huntsville-alabama-0c8841bf0a0e0ae81708c05b3a109020.htm,21/29
79, 2020 Volvo XC90 T6 Momentum 7 Passenger SUV,FWD,L1549757,"$63,700",https://www.century-volvo.com//new/Volvo/2020-Volvo-XC90-huntsville-alabama-00bd59210a0e0ae73fbd571c5a96e761.htm,21/29
80, 2020 Volvo XC90 T6 Momentum 7 Passenger SUV,FWD,L1549757,"$63,875",https://www.century-volvo.com//new/Volvo/2020-Volvo-XC90-huntsville-alabama-ae57c1f60a0e0ae876bc0d6b1b88ba22.htm,21/29
81, 2020 Volvo XC90 T6 Momentum 6 Passenger SUV,FWD,L1549757,"$59,990",https://www.century-volvo.com//commercial-new/Volvo/2020-Volvo-XC90-huntsville-alabama-26a00c810a0e0ae818b1188e9d2a6c8c.htm,21/29
82, 2020 Volvo XC90 T5 Momentum 7 Passenger SUV,FWD,L1549757,"$51,455",https://www.century-volvo.com//new/Volvo/2020-Volvo-XC90-huntsville-alabama-817cf5dd0a0e0a171983e9bdbf72d12f.htm,21/29
83, 2020 Volvo XC90 T5 Momentum 7 Passenger SUV,FWD,L1549757,"$55,975",https://www.century-volvo.com//commercial-new/Volvo/2020-Volvo-XC90-huntsville-alabama-be22c9090a0e0a1711f6822bed995362.htm,21/29
84, 2020 Volvo XC90 T6 Momentum 7 Passenger SUV,FWD,L1549757,"$63,900",https://www.century-volvo.com//new/Volvo/2020-Volvo-XC90-huntsville-alabama-00bd58b60a0e0ae73fbd571c02f616ef.htm,21/29
85, 2020 Volvo XC90 T5 Momentum 7 Passenger SUV,FWD,L1549757,"$55,975",https://www.century-volvo.com//commercial-new/Volvo/2020-Volvo-XC90-huntsville-alabama-be22c9440a0e0a1711f6822bba27e5ca.htm,21/29
86, 2020 Volvo XC90 T5 Momentum 7 Passenger SUV,FWD,L1549757,"$54,005",https://www.century-volvo.com//new/Volvo/2020-Volvo-XC90-huntsville-alabama-8e53f8930a0e0a1777909de862a5b18b.htm,21/29
87, 2020 Volvo XC90 T5 Momentum 7 Passenger SUV,FWD,L1549757,"$55,755",https://www.century-volvo.com//commercial-new/Volvo/2020-Volvo-XC90-huntsville-alabama-343cf3000a0e0adf0cb795396552aab6.htm,21/29
88, 2020 Volvo XC90 T6 Momentum 7 Passenger SUV,FWD,L1549757,"$62,825",https://www.century-volvo.com//new/Volvo/2020-Volvo-XC90-huntsville-alabama-343cf35e0a0e0adf0cb79539f783064e.htm,21/29
89, 2020 Volvo XC90 T6 Momentum 7 Passenger SUV,FWD,L1549757,"$66,620",https://www.century-volvo.com//new/Volvo/2020-Volvo-XC90-huntsville-alabama-128b2fbc0a0e0ae71e4d0d973ce7e90e.htm,21/29
90, 2020 Volvo XC90 T5 Momentum 7 Passenger SUV,FWD,L1549757,"$54,175",https://www.century-volvo.com//commercial-new/Volvo/2020-Volvo-XC90-huntsville-alabama-1c528b870a0e0a6b02ac13873dbc9d66.htm,21/29
91, 2020 Volvo XC90 T5 Momentum 7 Passenger SUV,FWD,L1549757,"$57,190",https://www.century-volvo.com//new/Volvo/2020-Volvo-XC90-huntsville-alabama-d192f1d10a0e0adf226ca5b0b078e873.htm,21/29
92, 2020 Volvo XC90 T6 Inscription 6 Passenger SUV,Automatic,L1567510,"$68,940",https://www.century-volvo.com//new/Volvo/2020-Volvo-XC90-huntsville-alabama-fd15bbae0a0e0a6b404338b5292dec7c.htm,18/26
93, 2020 Volvo XC90 T6 Momentum 7 Passenger SUV,Automatic,L1567510,"$64,860",https://www.century-volvo.com//new/Volvo/2020-Volvo-XC90-huntsville-alabama-689a31470a0e0adf0cb795393c5fe01e.htm,18/26
94, 2020 Volvo XC90 T5 Momentum 7 Passenger SUV,Automatic,L1567510,"$51,360",https://www.century-volvo.com//commercial-new/Volvo/2020-Volvo-XC90-huntsville-alabama-5849ccd40a0e0ae71e4d0d97513fffaa.htm,18/26
95, 2020 Volvo XC90 T6 Inscription 6 Passenger SUV,Automatic,L1567510,"$69,575",https://www.century-volvo.com//commercial-new/Volvo/2020-Volvo-XC90-huntsville-alabama-62ee32080a0e0ae83a84e5ff208bd992.htm,18/26
96, 2020 Volvo XC90 T6 Inscription 7 Passenger SUV,Automatic,L1567510,"$71,615",https://www.century-volvo.com//new/Volvo/2020-Volvo-XC90-huntsville-alabama-dcb0ced30a0e0adf3d29355cb7aefcaf.htm,18/26
97, 2020 Volvo XC90 T5 Momentum 7 Passenger SUV,Automatic,L1567510,"$55,330",https://www.century-volvo.com//commercial-new/Volvo/2020-Volvo-XC90-huntsville-alabama-c34937d80a0e0ae805c82fddfbef403d.htm,18/26
98, 2019 Volvo XC60 T6 Momentum SUV,Automatic,L1567510,"$58,400",https://www.century-volvo.com//commercial-new/Volvo/2019-Volvo-XC60-huntsville-alabama-12ae9dcf0a0e0a176a6be9e643069ef5.htm,18/26
99, 2019 Volvo XC60 T5 R-Design SUV,Automatic,L1567510,"$58,870",https://www.century-volvo.com//commercial-new/Volvo/2019-Volvo-XC60-huntsville-alabama-748716220a0e0ae72ea76cc5b3086a43.htm,18/26
100, 2020 Volvo XC60 T5 R-Design SUV,Automatic,L1567510,"$54,045",https://www.century-volvo.com//new/Volvo/2020-Volvo-XC60-huntsville-alabama-a80b0dc40a0e0ae847bd028fdfd301bf.htm,18/26
101, 2020 Volvo XC60 T5 Inscription SUV,Automatic,L1567510,"$53,845",https://www.century-volvo.com//new/Volvo/2020-Volvo-XC60-huntsville-alabama-54021e050a0e0a6b4da79abd4b4f8ea4.htm,18/26
102, 2020 Volvo XC60 T5 Momentum SUV,Automatic,L1567510,"$49,780",https://www.century-volvo.com//commercial-new/Volvo/2020-Volvo-XC60-huntsville-alabama-57266e330a0e0ae91b4daace17ae85a2.htm,18/26
103, 2020 Volvo XC60 T6 Momentum SUV,Automatic,L1567510,"$51,895",https://www.century-volvo.com//new/Volvo/2020-Volvo-XC60-huntsville-alabama-a32f5bc30a0e0adf226ca5b01227326b.htm,18/26
104, 2020 Volvo XC60 T5 Inscription SUV,Automatic,L1567510,"$53,330",https://www.century-volvo.com//new/Volvo/2020-Volvo-XC60-huntsville-alabama-8bca02df0a0e0ae71e4d0d9726893117.htm,18/26
105, 2020 Volvo XC60 T5 Inscription SUV,Automatic,L1567510,"$54,345",https://www.century-volvo.com//commercial-new/Volvo/2020-Volvo-XC60-huntsville-alabama-aa0daa420a0e0a6b181bfe6195a4581d.htm,18/26
106, 2020 Volvo XC60 T5 Momentum SUV,Automatic,L1567510,"$44,885",https://www.century-volvo.com//commercial-new/Volvo/2020-Volvo-XC60-huntsville-alabama-1fa3c2680a0e0a171983e9bd1b512e64.htm,18/26
107, 2020 Volvo XC60 T5 Momentum SUV,Automatic,L1567510,"$53,130",https://www.century-volvo.com//commercial-new/Volvo/2020-Volvo-XC60-huntsville-alabama-26a00ea10a0e0ae818b1188eb97a0caa.htm,18/26
108, 2020 Volvo XC60 T5 Momentum SUV,AWD,L1417722,"$49,265",https://www.century-volvo.com//commercial-new/Volvo/2020-Volvo-XC60-huntsville-alabama-937bc38f0a0e0a6b5d43ea0fb2050807.htm,20/27
109, 2020 Volvo XC60 T5 Momentum SUV,AWD,L1417722,"$50,830",https://www.century-volvo.com//new/Volvo/2020-Volvo-XC60-huntsville-alabama-b55371cf0a0e0a6b0d127bd3dcaf2d8a.htm,20/27
110, 2020 Volvo XC60 T5 Momentum SUV,AWD,L1417722,"$45,765",https://www.century-volvo.com//new/Volvo/2020-Volvo-XC60-huntsville-alabama-fd15bc290a0e0a6b404338b54409ef06.htm,20/27
111, 2020 Volvo XC60 T5 Inscription SUV,AWD,L1417722,"$55,630",https://www.century-volvo.com//new/Volvo/2020-Volvo-XC60-huntsville-alabama-fd15bbf00a0e0a6b404338b5773fc217.htm,20/27
112, 2020 Volvo XC60 T5 Inscription SUV,AWD,L1417722,"$53,330",https://www.century-volvo.com//new/Volvo/2020-Volvo-XC60-huntsville-alabama-aa0daa120a0e0a6b181bfe6191ea476c.htm,20/27
113, 2020 Volvo XC60 T6 Inscription SUV,AWD,L1417722,"$59,145",https://www.century-volvo.com//commercial-new/Volvo/2020-Volvo-XC60-huntsville-alabama-892496d80a0e0a6b5d43ea0f410a24e9.htm,20/27
114, 2020 Volvo XC60 T5 Inscription SUV,AWD,L1417722,"$54,345",https://www.century-volvo.com//new/Volvo/2020-Volvo-XC60-huntsville-alabama-ad854f170a0e0ae7498f7e897a4ef18e.htm,20/27
115, 2020 Volvo XC60 T5 Momentum SUV,AWD,L1417722,"$47,715",https://www.century-volvo.com//commercial-new/Volvo/2020-Volvo-XC60-huntsville-alabama-eaff66e10a0e0ae94f85e1af5c267249.htm,20/27
116, 2020 Volvo XC60 T5 Momentum SUV,AWD,L1417722,"$52,945",https://www.century-volvo.com//commercial-new/Volvo/2020-Volvo-XC60-huntsville-alabama-5d70f29b0a0e0ae878bdca4fc91a38fa.htm,20/27
117, 2019 Volvo S90 T5 Momentum Sedan,AWD,L1417722,"$49,145",https://www.century-volvo.com//commercial-new/Volvo/2019-Volvo-S90-huntsville-alabama-937bc3ce0a0e0a6b5d43ea0f4880a909.htm,20/27
118, 2019 Volvo V90 T5 R-Design Wagon,AWD,L1417722,"$58,745",https://www.century-volvo.com//commercial-new/Volvo/2019-Volvo-V90-huntsville-alabama-6b4ec5ce0a0e0adf07cdfe617575d93b.htm,20/27
119, 2020 Volvo S90 T6 R-Design Sedan,AWD,L1417722,"$61,735",https://www.century-volvo.com//new/Volvo/2020-Volvo-S90-huntsville-alabama-1b5997400a0e0a6b6520e3df98a991f1.htm,20/27
120, 2020 Volvo V90 Cross Country T6 Wagon,AWD,L1417722,"$62,295",https://www.century-volvo.com//new/Volvo/2020-Volvo-V90+Cross+Country-huntsville-alabama-a855e13c0a0e0ae876bc0d6b5fbfdd08.htm,20/27
121, 2020 Volvo S60 T5 Momentum Sedan,AWD,L1417722,"$41,290",https://www.century-volvo.com//commercial-new/Volvo/2020-Volvo-S60-huntsville-alabama-86fa52240a0e0a1710faff8b265db404.htm,20/27
122, 2020 Volvo S60 T5 Inscription Sedan,AWD,L1417722,"$48,590",https://www.century-volvo.com//new/Volvo/2020-Volvo-S60-huntsville-alabama-86fa50780a0e0a1710faff8b5e55249d.htm,20/27
123, 2020 Volvo S90 T6 R-Design Sedan,AWD,L1417722,"$60,440",https://www.century-volvo.com//new/Volvo/2020-Volvo-S90-huntsville-alabama-1b5996640a0e0a6b6520e3df5af070e0.htm,20/27
124, 2020 Volvo S60 T5 Momentum Sedan,FWD,LG039858,"$39,845",https://www.century-volvo.com//commercial-new/Volvo/2020-Volvo-S60-huntsville-alabama-86fa50f80a0e0a1710faff8b2843f513.htm,23/34
125, 2020 Volvo S60 T5 Momentum Sedan,FWD,LG039858,"$41,690",https://www.century-volvo.com//commercial-new/Volvo/2020-Volvo-S60-huntsville-alabama-914256a90a0e0a17294c215872c37689.htm,23/34
126, 2020 Volvo V60 T5 Momentum Wagon,FWD,LG039858,"$50,040",https://www.century-volvo.com//commercial-new/Volvo/2020-Volvo-V60-huntsville-alabama-8be52ebd0a0e0ae77df3f0e4c11bb263.htm,23/34
127, 2020 Volvo S60 T5 R-Design Sedan,FWD,LG039858,"$49,040",https://www.century-volvo.com//commercial-new/Volvo/2020-Volvo-S60-huntsville-alabama-726352520a0e0ae7370e1c3668c804fa.htm,23/34
128, 2020 Volvo XC40 T5 Momentum SUV,FWD,LG039858,"$47,070",https://www.century-volvo.com//commercial-new/Volvo/2020-Volvo-XC40-huntsville-alabama-ffe316150a0e0ae8210cc936e495832e.htm,23/34
129, 2020 Volvo S60 T6 Inscription Sedan,FWD,LG039858,"$48,395",https://www.century-volvo.com//new/Volvo/2020-Volvo-S60-huntsville-alabama-eda26be80a0e0ae84c7f6b0d227096ec.htm,23/34
130, 2020 Volvo XC40 T5 Momentum SUV,FWD,LG039858,"$45,165",https://www.century-volvo.com//commercial-new/Volvo/2020-Volvo-XC40-huntsville-alabama-f6753e9e0a0e0a174295f2aba465ee70.htm,23/34
131, 2020 Volvo XC40 T5 Momentum SUV,FWD,LG039858,"$43,180",https://www.century-volvo.com//new/Volvo/2020-Volvo-XC40-huntsville-alabama-fd15bc550a0e0a6b404338b5d67ff13c.htm,23/34
132, 2020 Volvo XC40 T5 Inscription SUV,FWD,LG039858,"$48,340",https://www.century-volvo.com//new/Volvo/2020-Volvo-XC40-huntsville-alabama-16332f340a0e0adf06adc20e512cc955.htm,23/34
133, 2020 Volvo XC40 T5 R-Design SUV,FWD,LG039858,"$46,250",https://www.century-volvo.com//commercial-new/Volvo/2020-Volvo-XC40-huntsville-alabama-6691a17a0a0e0ae717378c4f38145715.htm,23/34
134, 2020 Volvo S60 T6 R-Design Sedan,FWD,LG039858,"$56,680",https://www.century-volvo.com//new/Volvo/2020-Volvo-S60-huntsville-alabama-e95bc05b0a0e0adf1ea85fd36d368c05.htm,23/34
135, 2020 Volvo S60 T5 Momentum Sedan,FWD,LG039858,"$41,690",https://www.century-volvo.com//commercial-new/Volvo/2020-Volvo-S60-huntsville-alabama-86fa52960a0e0a1710faff8beb8bf864.htm,23/34
136, 2020 Volvo XC40 T4 Momentum SUV,FWD,LG039858,"$43,165",https://www.century-volvo.com//commercial-new/Volvo/2020-Volvo-XC40-huntsville-alabama-f6753eff0a0e0a174295f2ab6a449555.htm,23/34
137, 2020 Volvo XC40 T4 Momentum SUV,FWD,LG039858,"$44,710",https://www.century-volvo.com//new/Volvo/2020-Volvo-XC40-huntsville-alabama-0f59e3a80a0e0ae73fbd571c7ce86182.htm,23/34
138, 2020 Volvo XC40 T5 Momentum SUV,FWD,LG039858,"$44,065",https://www.century-volvo.com//new/Volvo/2020-Volvo-XC40-huntsville-alabama-f6753e2a0a0e0a174295f2ab1adda277.htm,23/34
139, 2020 Volvo S60 T5 Momentum Sedan,FWD,LG039858,"$40,805",https://www.century-volvo.com//commercial-new/Volvo/2020-Volvo-S60-huntsville-alabama-86fa50c80a0e0a1710faff8ba8169a0a.htm,23/34
140, 2020 Volvo V60 T5 Momentum Wagon,FWD,L2352840,"$46,550",https://www.century-volvo.com//commercial-new/Volvo/2020-Volvo-V60-huntsville-alabama-04b910c90a0e0adf50b13c6166ab0d65.htm,24/36
141, 2020 Volvo XC40 T5 Momentum SUV,FWD,L2352840,"$46,510",https://www.century-volvo.com//new/Volvo/2020-Volvo-XC40-huntsville-alabama-00bd593c0a0e0ae73fbd571c4717a0c1.htm,24/36
142, 2020 Volvo XC40 T5 Momentum SUV,FWD,L2352840,"$43,385",https://www.century-volvo.com//commercial-new/Volvo/2020-Volvo-XC40-huntsville-alabama-1556f0660a0e0ae73fbd571cb8607eea.htm,24/36
143, 2020 Volvo S60 T5 Inscription Sedan,FWD,L2352840,"$50,550",https://www.century-volvo.com//new/Volvo/2020-Volvo-S60-huntsville-alabama-72634f970a0e0ae7370e1c36d4c6a272.htm,24/36
144, 2020 Volvo S60 T5 Momentum Sedan,FWD,L2352840,"$45,290",https://www.century-volvo.com//commercial-new/Volvo/2020-Volvo-S60-huntsville-alabama-726351390a0e0ae7370e1c36f36bf500.htm,24/36
145, 2020 Volvo XC40 T4 Momentum SUV,FWD,L2352840,"$43,795",https://www.century-volvo.com//new/Volvo/2020-Volvo-XC40-huntsville-alabama-f84668f20a0e0a6b60a4d5a92c184851.htm,24/36
146, 2020 Volvo V60 Cross Country T5 Wagon,FWD,L2352840,"$46,740",https://www.century-volvo.com//new/Volvo/2020-Volvo-V60+Cross+Country-huntsville-alabama-914256e70a0e0a17294c21585b440227.htm,24/36
147, 2020 Volvo XC40 T5 R-Design SUV,FWD,L2352840,"$44,325",https://www.century-volvo.com//commercial-new/Volvo/2020-Volvo-XC40-huntsville-alabama-8e53f8e70a0e0a1777909de81d20d96b.htm,24/36
148, 2020 Volvo S60 T5 Momentum Sedan,FWD,L2352840,"$43,095",https://www.century-volvo.com//commercial-new/Volvo/2020-Volvo-S60-huntsville-alabama-86fa51460a0e0a1710faff8b7ed678f0.htm,24/36
149, 2020 Volvo XC40 T5 Momentum SUV,FWD,L2352840,"$48,910",https://www.century-volvo.com//new/Volvo/2020-Volvo-XC40-huntsville-alabama-ad854f720a0e0ae7498f7e89232af834.htm,24/36
150, 2020 Volvo S60 T5 Inscription Sedan,FWD,L2352840,"$48,440",https://www.century-volvo.com//new/Volvo/2020-Volvo-S60-huntsville-alabama-3174d8f70a0e0a6b2d842c1f2666c37b.htm,24/36
151, 2020 Volvo XC90 T5 Momentum 7 Passenger SUV,FWD,L1549757,"$53,360",https://www.century-volvo.com//commercial-new/Volvo/2020-Volvo-XC90-huntsville-alabama-2f69e0460a0e0a1766f2e6b9464b5238.htm,21/29
152, 2020 Volvo XC90 T6 Momentum 7 Passenger SUV,FWD,L1549757,"$64,560",https://www.century-volvo.com//new/Volvo/2020-Volvo-XC90-huntsville-alabama-172c40290a0e0adf0b7f885b2c03246b.htm,21/29
153, 2020 Volvo XC90 T6 Inscription 7 Passenger SUV,FWD,L1549757,"$72,470",https://www.century-volvo.com//new/Volvo/2020-Volvo-XC90-huntsville-alabama-0c8841bf0a0e0ae81708c05b3a109020.htm,21/29
154, 2020 Volvo XC90 T6 Momentum 7 Passenger SUV,FWD,L1549757,"$63,700",https://www.century-volvo.com//new/Volvo/2020-Volvo-XC90-huntsville-alabama-00bd59210a0e0ae73fbd571c5a96e761.htm,21/29
155, 2020 Volvo XC90 T6 Momentum 7 Passenger SUV,FWD,L1549757,"$63,875",https://www.century-volvo.com//new/Volvo/2020-Volvo-XC90-huntsville-alabama-ae57c1f60a0e0ae876bc0d6b1b88ba22.htm,21/29
156, 2020 Volvo XC90 T6 Momentum 6 Passenger SUV,FWD,L1549757,"$59,990",https://www.century-volvo.com//commercial-new/Volvo/2020-Volvo-XC90-huntsville-alabama-26a00c810a0e0ae818b1188e9d2a6c8c.htm,21/29
157, 2020 Volvo XC90 T5 Momentum 7 Passenger SUV,FWD,L1549757,"$51,455",https://www.century-volvo.com//new/Volvo/2020-Volvo-XC90-huntsville-alabama-817cf5dd0a0e0a171983e9bdbf72d12f.htm,21/29
158, 2020 Volvo XC90 T5 Momentum 7 Passenger SUV,FWD,L1549757,"$55,975",https://www.century-volvo.com//commercial-new/Volvo/2020-Volvo-XC90-huntsville-alabama-be22c9090a0e0a1711f6822bed995362.htm,21/29
159, 2020 Volvo XC90 T6 Momentum 7 Passenger SUV,FWD,L1549757,"$63,900",https://www.century-volvo.com//new/Volvo/2020-Volvo-XC90-huntsville-alabama-00bd58b60a0e0ae73fbd571c02f616ef.htm,21/29
160, 2020 Volvo XC90 T5 Momentum 7 Passenger SUV,FWD,L1549757,"$55,975",https://www.century-volvo.com//commercial-new/Volvo/2020-Volvo-XC90-huntsville-alabama-be22c9440a0e0a1711f6822bba27e5ca.htm,21/29
161, 2020 Volvo XC90 T5 Momentum 7 Passenger SUV,FWD,L1549757,"$54,005",https://www.century-volvo.com//new/Volvo/2020-Volvo-XC90-huntsville-alabama-8e53f8930a0e0a1777909de862a5b18b.htm,21/29
162, 2020 Volvo XC90 T5 Momentum 7 Passenger SUV,FWD,L1549757,"$55,755",https://www.century-volvo.com//commercial-new/Volvo/2020-Volvo-XC90-huntsville-alabama-343cf3000a0e0adf0cb795396552aab6.htm,21/29
163, 2020 Volvo XC90 T6 Momentum 7 Passenger SUV,FWD,L1549757,"$62,825",https://www.century-volvo.com//new/Volvo/2020-Volvo-XC90-huntsville-alabama-343cf35e0a0e0adf0cb79539f783064e.htm,21/29
164, 2020 Volvo XC90 T6 Momentum 7 Passenger SUV,FWD,L1549757,"$66,620",https://www.century-volvo.com//new/Volvo/2020-Volvo-XC90-huntsville-alabama-128b2fbc0a0e0ae71e4d0d973ce7e90e.htm,21/29
165, 2020 Volvo XC90 T5 Momentum 7 Passenger SUV,FWD,L1549757,"$54,175",https://www.century-volvo.com//commercial-new/Volvo/2020-Volvo-XC90-huntsville-alabama-1c528b870a0e0a6b02ac13873dbc9d66.htm,21/29
166, 2020 Volvo XC90 T5 Momentum 7 Passenger SUV,FWD,L1549757,"$57,190",https://www.century-volvo.com//new/Volvo/2020-Volvo-XC90-huntsville-alabama-d192f1d10a0e0adf226ca5b0b078e873.htm,21/29
167, 2020 Volvo XC90 T6 Inscription 6 Passenger SUV,Automatic,L1567510,"$68,940",https://www.century-volvo.com//new/Volvo/2020-Volvo-XC90-huntsville-alabama-fd15bbae0a0e0a6b404338b5292dec7c.htm,18/26
168, 2020 Volvo XC90 T6 Momentum 7 Passenger SUV,Automatic,L1567510,"$64,860",https://www.century-volvo.com//new/Volvo/2020-Volvo-XC90-huntsville-alabama-689a31470a0e0adf0cb795393c5fe01e.htm,18/26
169, 2020 Volvo XC90 T5 Momentum 7 Passenger SUV,Automatic,L1567510,"$51,360",https://www.century-volvo.com//commercial-new/Volvo/2020-Volvo-XC90-huntsville-alabama-5849ccd40a0e0ae71e4d0d97513fffaa.htm,18/26
170, 2020 Volvo XC90 T6 Inscription 6 Passenger SUV,Automatic,L1567510,"$69,575",https://www.century-volvo.com//commercial-new/Volvo/2020-Volvo-XC90-huntsville-alabama-62ee32080a0e0ae83a84e5ff208bd992.htm,18/26
171, 2020 Volvo XC90 T6 Inscription 7 Passenger SUV,Automatic,L1567510,"$71,615",https://www.century-volvo.com//new/Volvo/2020-Volvo-XC90-huntsville-alabama-dcb0ced30a0e0adf3d29355cb7aefcaf.htm,18/26
172, 2020 Volvo XC90 T5 Momentum 7 Passenger SUV,Automatic,L1567510,"$55,330",https://www.century-volvo.com//commercial-new/Volvo/2020-Volvo-XC90-huntsville-alabama-c34937d80a0e0ae805c82fddfbef403d.htm,18/26
173, 2019 Volvo XC60 T6 Momentum SUV,Automatic,L1567510,"$58,400",https://www.century-volvo.com//commercial-new/Volvo/2019-Volvo-XC60-huntsville-alabama-12ae9dcf0a0e0a176a6be9e643069ef5.htm,18/26
174, 2019 Volvo XC60 T5 R-Design SUV,Automatic,L1567510,"$58,870",https://www.century-volvo.com//commercial-new/Volvo/2019-Volvo-XC60-huntsville-alabama-748716220a0e0ae72ea76cc5b3086a43.htm,18/26
175, 2020 Volvo XC60 T5 R-Design SUV,Automatic,L1567510,"$54,045",https://www.century-volvo.com//new/Volvo/2020-Volvo-XC60-huntsville-alabama-a80b0dc40a0e0ae847bd028fdfd301bf.htm,18/26
176, 2020 Volvo XC60 T5 Inscription SUV,Automatic,L1567510,"$53,845",https://www.century-volvo.com//new/Volvo/2020-Volvo-XC60-huntsville-alabama-54021e050a0e0a6b4da79abd4b4f8ea4.htm,18/26
177, 2020 Volvo XC60 T5 Momentum SUV,Automatic,L1567510,"$49,780",https://www.century-volvo.com//commercial-new/Volvo/2020-Volvo-XC60-huntsville-alabama-57266e330a0e0ae91b4daace17ae85a2.htm,18/26
178, 2020 Volvo XC60 T6 Momentum SUV,Automatic,L1567510,"$51,895",https://www.century-volvo.com//new/Volvo/2020-Volvo-XC60-huntsville-alabama-a32f5bc30a0e0adf226ca5b01227326b.htm,18/26
179, 2020 Volvo XC60 T5 Inscription SUV,Automatic,L1567510,"$53,330",https://www.century-volvo.com//new/Volvo/2020-Volvo-XC60-huntsville-alabama-8bca02df0a0e0ae71e4d0d9726893117.htm,18/26
180, 2020 Volvo XC60 T5 Inscription SUV,Automatic,L1567510,"$54,345",https://www.century-volvo.com//commercial-new/Volvo/2020-Volvo-XC60-huntsville-alabama-aa0daa420a0e0a6b181bfe6195a4581d.htm,18/26
181, 2020 Volvo XC60 T5 Momentum SUV,Automatic,L1567510,"$44,885",https://www.century-volvo.com//commercial-new/Volvo/2020-Volvo-XC60-huntsville-alabama-1fa3c2680a0e0a171983e9bd1b512e64.htm,18/26
182, 2020 Volvo XC60 T5 Momentum SUV,Automatic,L1567510,"$53,130",https://www.century-volvo.com//commercial-new/Volvo/2020-Volvo-XC60-huntsville-alabama-26a00ea10a0e0ae818b1188eb97a0caa.htm,18/26
183, 2020 Volvo XC60 T5 Momentum SUV,AWD,L1417722,"$49,265",https://www.century-volvo.com//commercial-new/Volvo/2020-Volvo-XC60-huntsville-alabama-937bc38f0a0e0a6b5d43ea0fb2050807.htm,20/27
184, 2020 Volvo XC60 T5 Momentum SUV,AWD,L1417722,"$50,830",https://www.century-volvo.com//new/Volvo/2020-Volvo-XC60-huntsville-alabama-b55371cf0a0e0a6b0d127bd3dcaf2d8a.htm,20/27
185, 2020 Volvo XC60 T5 Momentum SUV,AWD,L1417722,"$45,765",https://www.century-volvo.com//new/Volvo/2020-Volvo-XC60-huntsville-alabama-fd15bc290a0e0a6b404338b54409ef06.htm,20/27
186, 2020 Volvo XC60 T5 Inscription SUV,AWD,L1417722,"$55,630",https://www.century-volvo.com//new/Volvo/2020-Volvo-XC60-huntsville-alabama-fd15bbf00a0e0a6b404338b5773fc217.htm,20/27
187, 2020 Volvo XC60 T5 Inscription SUV,AWD,L1417722,"$53,330",https://www.century-volvo.com//new/Volvo/2020-Volvo-XC60-huntsville-alabama-aa0daa120a0e0a6b181bfe6191ea476c.htm,20/27
188, 2020 Volvo XC60 T6 Inscription SUV,AWD,L1417722,"$59,145",https://www.century-volvo.com//commercial-new/Volvo/2020-Volvo-XC60-huntsville-alabama-892496d80a0e0a6b5d43ea0f410a24e9.htm,20/27
189, 2020 Volvo XC60 T5 Inscription SUV,AWD,L1417722,"$54,345",https://www.century-volvo.com//new/Volvo/2020-Volvo-XC60-huntsville-alabama-ad854f170a0e0ae7498f7e897a4ef18e.htm,20/27
190, 2020 Volvo XC60 T5 Momentum SUV,AWD,L1417722,"$47,715",https://www.century-volvo.com//commercial-new/Volvo/2020-Volvo-XC60-huntsville-alabama-eaff66e10a0e0ae94f85e1af5c267249.htm,20/27
191, 2020 Volvo XC60 T5 Momentum SUV,AWD,L1417722,"$52,945",https://www.century-volvo.com//commercial-new/Volvo/2020-Volvo-XC60-huntsville-alabama-5d70f29b0a0e0ae878bdca4fc91a38fa.htm,20/27
192, 2019 Volvo S90 T5 Momentum Sedan,AWD,L1417722,"$49,145",https://www.century-volvo.com//commercial-new/Volvo/2019-Volvo-S90-huntsville-alabama-937bc3ce0a0e0a6b5d43ea0f4880a909.htm,20/27
193, 2019 Volvo V90 T5 R-Design Wagon,AWD,L1417722,"$58,745",https://www.century-volvo.com//commercial-new/Volvo/2019-Volvo-V90-huntsville-alabama-6b4ec5ce0a0e0adf07cdfe617575d93b.htm,20/27
194, 2020 Volvo S90 T6 R-Design Sedan,AWD,L1417722,"$61,735",https://www.century-volvo.com//new/Volvo/2020-Volvo-S90-huntsville-alabama-1b5997400a0e0a6b6520e3df98a991f1.htm,20/27
195, 2020 Volvo V90 Cross Country T6 Wagon,AWD,L1417722,"$62,295",https://www.century-volvo.com//new/Volvo/2020-Volvo-V90+Cross+Country-huntsville-alabama-a855e13c0a0e0ae876bc0d6b5fbfdd08.htm,20/27
196, 2020 Volvo S60 T5 Momentum Sedan,AWD,L1417722,"$41,290",https://www.century-volvo.com//commercial-new/Volvo/2020-Volvo-S60-huntsville-alabama-86fa52240a0e0a1710faff8b265db404.htm,20/27
197, 2020 Volvo S60 T5 Inscription Sedan,AWD,L1417722,"$48,590",https://www.century-volvo.com//new/Volvo/2020-Volvo-S60-huntsville-alabama-86fa50780a0e0a1710faff8b5e55249d.htm,20/27
198, 2020 Volvo S90 T6 R-Design Sedan,AWD,L1417722,"$60,440",https://www.century-volvo.com//new/Volvo/2020-Volvo-S90-huntsville-alabama-1b5996640a0e0a6b6520e3df5af070e0.htm,20/27
199, 2020 Volvo S60 T5 Momentum Sedan,FWD,LG039858,"$39,845",https://www.century-volvo.com//commercial-new/Volvo/2020-Volvo-S60-huntsville-alabama-86fa50f80a0e0a1710faff8b2843f513.htm,23/34
200, 2020 Volvo S60 T5 Momentum Sedan,FWD,LG039858,"$41,690",https://www.century-volvo.com//commercial-new/Volvo/2020-Volvo-S60-huntsville-alabama-914256a90a0e0a17294c215872c37689.htm,23/34
201, 2020 Volvo V60 T5 Momentum Wagon,FWD,LG039858,"$50,040",https://www.century-volvo.com//commercial-new/Volvo/2020-Volvo-V60-huntsville-alabama-8be52ebd0a0e0ae77df3f0e4c11bb263.htm,23/34
202, 2020 Volvo S60 T5 R-Design Sedan,FWD,LG039858,"$49,040",https://www.century-volvo.com//commercial-new/Volvo/2020-Volvo-S60-huntsville-alabama-726352520a0e0ae7370e1c3668c804fa.htm,23/34
203, 2020 Volvo XC40 T5 Momentum SUV,FWD,LG039858,"$47,070",https://www.century-volvo.com//commercial-new/Volvo/2020-Volvo-XC40-huntsville-alabama-ffe316150a0e0ae8210cc936e495832e.htm,23/34
204, 2020 Volvo S60 T6 Inscription Sedan,FWD,LG039858,"$48,395",https://www.century-volvo.com//new/Volvo/2020-Volvo-S60-huntsville-alabama-eda26be80a0e0ae84c7f6b0d227096ec.htm,23/34
205, 2020 Volvo XC40 T5 Momentum SUV,FWD,LG039858,"$45,165",https://www.century-volvo.com//commercial-new/Volvo/2020-Volvo-XC40-huntsville-alabama-f6753e9e0a0e0a174295f2aba465ee70.htm,23/34
206, 2020 Volvo XC40 T5 Momentum SUV,FWD,LG039858,"$43,180",https://www.century-volvo.com//new/Volvo/2020-Volvo-XC40-huntsville-alabama-fd15bc550a0e0a6b404338b5d67ff13c.htm,23/34
207, 2020 Volvo XC40 T5 Inscription SUV,FWD,LG039858,"$48,340",https://www.century-volvo.com//new/Volvo/2020-Volvo-XC40-huntsville-alabama-16332f340a0e0adf06adc20e512cc955.htm,23/34
208, 2020 Volvo XC40 T5 R-Design SUV,FWD,LG039858,"$46,250",https://www.century-volvo.com//commercial-new/Volvo/2020-Volvo-XC40-huntsville-alabama-6691a17a0a0e0ae717378c4f38145715.htm,23/34
209, 2020 Volvo S60 T6 R-Design Sedan,FWD,LG039858,"$56,680",https://www.century-volvo.com//new/Volvo/2020-Volvo-S60-huntsville-alabama-e95bc05b0a0e0adf1ea85fd36d368c05.htm,23/34
210, 2020 Volvo S60 T5 Momentum Sedan,FWD,LG039858,"$41,690",https://www.century-volvo.com//commercial-new/Volvo/2020-Volvo-S60-huntsville-alabama-86fa52960a0e0a1710faff8beb8bf864.htm,23/34
211, 2020 Volvo XC40 T4 Momentum SUV,FWD,LG039858,"$43,165",https://www.century-volvo.com//commercial-new/Volvo/2020-Volvo-XC40-huntsville-alabama-f6753eff0a0e0a174295f2ab6a449555.htm,23/34
212, 2020 Volvo XC40 T4 Momentum SUV,FWD,LG039858,"$44,710",https://www.century-volvo.com//new/Volvo/2020-Volvo-XC40-huntsville-alabama-0f59e3a80a0e0ae73fbd571c7ce86182.htm,23/34
213, 2020 Volvo XC40 T5 Momentum SUV,FWD,LG039858,"$44,065",https://www.century-volvo.com//new/Volvo/2020-Volvo-XC40-huntsville-alabama-f6753e2a0a0e0a174295f2ab1adda277.htm,23/34
214, 2020 Volvo S60 T5 Momentum Sedan,FWD,LG039858,"$40,805",https://www.century-volvo.com//commercial-new/Volvo/2020-Volvo-S60-huntsville-alabama-86fa50c80a0e0a1710faff8ba8169a0a.htm,23/34
215, 2020 Volvo V60 T5 Momentum Wagon,FWD,L2352840,"$46,550",https://www.century-volvo.com//commercial-new/Volvo/2020-Volvo-V60-huntsville-alabama-04b910c90a0e0adf50b13c6166ab0d65.htm,24/36
216, 2020 Volvo XC40 T5 Momentum SUV,FWD,L2352840,"$46,510",https://www.century-volvo.com//new/Volvo/2020-Volvo-XC40-huntsville-alabama-00bd593c0a0e0ae73fbd571c4717a0c1.htm,24/36
217, 2020 Volvo XC40 T5 Momentum SUV,FWD,L2352840,"$43,385",https://www.century-volvo.com//commercial-new/Volvo/2020-Volvo-XC40-huntsville-alabama-1556f0660a0e0ae73fbd571cb8607eea.htm,24/36
218, 2020 Volvo S60 T5 Inscription Sedan,FWD,L2352840,"$50,550",https://www.century-volvo.com//new/Volvo/2020-Volvo-S60-huntsville-alabama-72634f970a0e0ae7370e1c36d4c6a272.htm,24/36
219, 2020 Volvo S60 T5 Momentum Sedan,FWD,L2352840,"$45,290",https://www.century-volvo.com//commercial-new/Volvo/2020-Volvo-S60-huntsville-alabama-726351390a0e0ae7370e1c36f36bf500.htm,24/36
220, 2020 Volvo XC40 T4 Momentum SUV,FWD,L2352840,"$43,795",https://www.century-volvo.com//new/Volvo/2020-Volvo-XC40-huntsville-alabama-f84668f20a0e0a6b60a4d5a92c184851.htm,24/36
221, 2020 Volvo V60 Cross Country T5 Wagon,FWD,L2352840,"$46,740",https://www.century-volvo.com//new/Volvo/2020-Volvo-V60+Cross+Country-huntsville-alabama-914256e70a0e0a17294c21585b440227.htm,24/36
222, 2020 Volvo XC40 T5 R-Design SUV,FWD,L2352840,"$44,325",https://www.century-volvo.com//commercial-new/Volvo/2020-Volvo-XC40-huntsville-alabama-8e53f8e70a0e0a1777909de81d20d96b.htm,24/36
223, 2020 Volvo S60 T5 Momentum Sedan,FWD,L2352840,"$43,095",https://www.century-volvo.com//commercial-new/Volvo/2020-Volvo-S60-huntsville-alabama-86fa51460a0e0a1710faff8b7ed678f0.htm,24/36
224, 2020 Volvo XC40 T5 Momentum SUV,FWD,L2352840,"$48,910",https://www.century-volvo.com//new/Volvo/2020-Volvo-XC40-huntsville-alabama-ad854f720a0e0ae7498f7e89232af834.htm,24/36
225, 2020 Volvo S60 T5 Inscription Sedan,FWD,L2352840,"$48,440",https://www.century-volvo.com//new/Volvo/2020-Volvo-S60-huntsville-alabama-3174d8f70a0e0a6b2d842c1f2666c37b.htm,24/36
